smoker,antal,median_kostnad,medel_kostnad
no,876,8175.795,8559.618630136987
yes,202,16391.690000000002,16541.504752475248
